department,item,category,points,type,ind1,ind2,ind3,ind4,target,criticality,risk,baseline_item_score,baseline_gated_score
1,1.1,1,65,ADLI,0.684462,0.835356,0.977164,0.746618,80.0,0.571254,0.720305,81.09,65
1,1.2,1,50,ADLI,0.517016,0.516993,0.489629,0.831169,80.0,0.488781,0.470641,58.8702,45
1,2.1,2,45,ADLI,0.866223,0.849456,0.615234,0.784463,80.0,0.792129,0.633969,77.8844,65
1,2.2,2,45,ADLI,0.873253,0.525637,0.452203,0.868454,80.0,0.138794,0.565952,67.9887,45
1,3.1,3,40,ADLI,0.982418,0.556462,0.755659,0.717291,80.0,0.666398,0.762599,75.2958,65
1,3.2,3,45,ADLI,0.671737,0.650937,0.32522,0.733235,80.0,0.265263,0.767963,59.5282,45
1,4.1,4,45,ADLI,0.797639,0.904135,0.623579,0.540891,80.0,0.610008,0.249519,71.6561,65
1,4.2,4,45,ADLI,0.635202,0.582063,0.43479,0.952691,80.0,0.325395,0.413591,65.1187,45
1,5.1,5,40,ADLI,0.843795,0.952931,0.561267,0.950065,80.0,0.110124,0.887982,82.7014,65
1,5.2,5,45,ADLI,0.62433,0.318418,0.861805,0.89363,80.0,0.590856,0.860506,67.4546,45
1,6.1,6,40,ADLI,0.818159,0.715324,0.576771,0.704326,80.0,0.645367,0.191735,70.3645,65
1,6.2,6,45,ADLI,0.790664,0.878246,0.482643,0.478186,80.0,0.30309,0.861458,65.7435,45
1,7.1,7,120,LeTCI,0.574342,0.88153,0.84168,0.625554,80.0,0.363661,0.565332,73.0776,65
1,7.2,7,80,LeTCI,0.780811,0.666592,0.761406,0.782171,80.0,0.22163,0.186213,74.7745,65
1,7.3,7,80,LeTCI,0.962981,0.536963,0.692945,0.833744,80.0,0.494361,0.594372,75.6658,65
1,7.4,7,80,LeTCI,0.669653,0.762466,0.60383,0.675164,80.0,0.7129,0.580923,67.7778,65
1,7.5,7,90,LeTCI,0.855341,0.536079,0.844099,0.857163,80.0,0.244473,0.93668,77.317,65
2,1.1,1,65,ADLI,0.804563,0.705808,0.89161,0.984098,80.0,0.071372,0.160451,84.652,80
2,1.2,1,50,ADLI,0.689058,0.599518,0.816428,0.508661,80.0,0.056909,0.659952,65.3416,65
2,2.1,2,45,ADLI,0.715158,0.860782,0.603476,0.805109,80.0,0.507435,0.514595,74.6131,65
2,2.2,2,45,ADLI,0.973572,0.637495,0.795882,0.670544,80.0,0.392559,0.204751,76.9373,65
2,3.1,3,40,ADLI,0.803805,0.87644,0.646269,0.820856,80.0,0.940884,0.511258,78.6843,65
2,3.2,3,45,ADLI,0.599396,0.559832,0.460717,0.793284,80.0,0.678503,0.282802,60.3307,45
2,4.1,4,45,ADLI,0.634318,0.76475,0.626081,0.976068,80.0,0.999199,0.245318,75.0304,65
2,4.2,4,45,ADLI,0.344153,0.430473,0.653153,0.910428,80.0,0.101534,0.992294,58.4552,45
2,5.1,5,40,ADLI,0.975023,0.4881,0.968239,0.710474,80.0,0.662503,0.252275,78.5459,45
2,5.2,5,45,ADLI,0.897442,0.779057,0.703164,0.690056,80.0,0.461599,0.739467,76.743,65
2,6.1,6,40,ADLI,0.683277,0.797528,0.798251,0.628665,80.0,0.2982,0.802722,72.693,65
2,6.2,6,45,ADLI,0.727475,0.884082,0.565409,0.338914,80.0,0.893042,0.45952,62.897,45
2,7.1,7,120,LeTCI,0.704981,0.961984,0.906389,0.540439,80.0,0.117477,0.89398,77.8448,65
2,7.2,7,80,LeTCI,0.469086,0.692747,0.860277,0.632297,80.0,0.248757,0.798224,66.3602,45
2,7.3,7,80,LeTCI,0.895173,0.930806,0.727336,0.753188,80.0,0.641418,0.128433,82.6626,80
2,7.4,7,80,LeTCI,0.723356,0.362943,0.660325,0.860745,80.0,0.125302,0.640445,65.1842,45
2,7.5,7,90,LeTCI,0.822114,0.882806,0.83595,0.801101,80.0,0.255331,0.860122,83.5493,80
3,1.1,1,65,ADLI,0.694784,0.814979,0.872995,0.498373,80.0,0.398046,0.757398,72.0283,45
3,1.2,1,50,ADLI,0.739441,0.636838,0.577456,0.513999,80.0,0.041398,0.856126,61.6933,60
3,2.1,2,45,ADLI,0.719963,0.545087,0.924548,0.481864,80.0,0.000733,0.292343,66.7865,45
3,2.2,2,45,ADLI,0.946554,0.611465,0.576043,0.808921,80.0,0.390086,0.657888,73.5746,65
3,3.1,3,40,ADLI,0.365419,0.772881,0.842432,0.862139,80.0,0.999082,0.681812,71.0718,45
3,3.2,3,45,ADLI,0.830188,0.759288,0.705868,0.867071,80.0,0.701137,0.458661,79.0604,75
3,4.1,4,45,ADLI,0.631879,0.599308,0.96129,0.77682,80.0,0.585323,0.906446,74.2324,65
3,4.2,4,45,ADLI,0.41094,0.728027,0.725259,0.802115,80.0,0.518406,0.004292,66.6585,45
3,5.1,5,40,ADLI,0.731135,0.35234,0.900656,0.793191,80.0,0.8258,0.91912,69.4331,45
3,5.2,5,45,ADLI,0.910453,0.771541,0.73934,0.754125,80.0,0.292321,0.162242,79.3865,75
3,6.1,6,40,ADLI,0.736646,0.509499,0.747607,0.636042,80.0,0.358597,0.555307,65.7449,65
3,6.2,6,45,ADLI,0.626294,0.580386,0.902705,0.723386,80.0,0.96413,0.30602,70.8193,65
3,7.1,7,120,LeTCI,0.627253,0.879605,0.967621,0.796843,80.0,0.871924,0.493653,81.783,65
3,7.2,7,80,LeTCI,0.676026,0.504015,0.357894,0.737681,80.0,0.125355,0.170202,56.8904,45
3,7.3,7,80,LeTCI,0.718637,0.801739,0.964141,0.561419,80.0,0.73332,0.332585,76.1484,65
3,7.4,7,80,LeTCI,0.684114,0.924726,0.910266,0.906229,80.0,0.422217,0.195428,85.6334,65
3,7.5,7,90,LeTCI,0.535651,0.857879,0.832783,0.83092,80.0,0.07635,0.166587,76.4308,65
4,1.1,1,65,ADLI,0.632422,0.25719,0.784721,0.733747,80.0,0.817409,0.929952,60.202,25
4,1.2,1,50,ADLI,0.732101,0.825408,0.765453,0.636776,80.0,0.497764,0.718794,73.9935,65
4,2.1,2,45,ADLI,0.744312,0.73132,0.87035,0.878712,80.0,0.555552,0.302708,80.6173,80
4,2.2,2,45,ADLI,0.788276,0.915089,0.678594,0.468049,80.0,0.917403,0.304964,71.2502,45
4,3.1,3,40,ADLI,0.660414,0.795531,0.772913,0.56624,80.0,0.675864,0.024673,69.8774,65
4,3.2,3,45,ADLI,0.610321,0.590342,0.850217,0.937196,80.0,0.118246,0.848682,74.7019,65
4,4.1,4,45,ADLI,0.81873,0.784277,0.972619,0.71728,80.0,0.033623,0.104355,82.3227,80
4,4.2,4,45,ADLI,0.629314,0.845343,0.691376,0.924078,80.0,0.151343,0.702476,77.2528,65
4,5.1,5,40,ADLI,0.692174,0.663151,0.586082,0.769448,80.0,0.818401,0.426286,67.7714,65
4,5.2,5,45,ADLI,0.786551,0.837238,0.93565,0.879539,80.0,0.341725,0.592274,85.9744,85
4,6.1,6,40,ADLI,0.637756,0.606514,0.870786,0.773211,80.0,0.427069,0.049782,72.2067,65
4,6.2,6,45,ADLI,0.905736,0.826473,0.447432,0.785515,80.0,0.202885,0.107191,74.1289,45
4,7.1,7,120,LeTCI,0.775174,0.699371,0.578671,0.755964,80.0,0.660787,0.613576,70.2295,65
4,7.2,7,80,LeTCI,0.926404,0.503332,0.70663,0.716123,80.0,0.487254,0.591658,71.3122,65
4,7.3,7,80,LeTCI,0.526057,0.857465,0.607356,0.546377,80.0,0.557008,0.837751,63.4314,60
4,7.4,7,80,LeTCI,0.619706,0.672404,0.69802,0.87495,80.0,0.953884,0.99304,71.627,65
4,7.5,7,90,LeTCI,0.826648,0.702804,0.70636,0.800984,80.0,0.377944,0.035838,75.9199,75
5,1.1,1,65,ADLI,0.561874,0.619659,0.799802,0.844029,80.0,0.459224,0.906672,70.6341,65
5,1.2,1,50,ADLI,0.630454,0.900907,0.655898,0.46815,80.0,0.156259,0.846504,66.3852,45
5,2.1,2,45,ADLI,0.531719,0.816912,0.748354,0.814609,80.0,0.218928,0.488582,72.7898,65
5,2.2,2,45,ADLI,0.806694,0.491721,0.583763,0.786433,80.0,0.933357,0.376467,66.7153,45
5,3.1,3,40,ADLI,0.874662,0.610141,0.620036,0.801677,80.0,0.43805,0.458604,72.6629,65
5,3.2,3,45,ADLI,0.812509,0.680544,0.612043,0.811205,80.0,0.564889,0.045297,72.9075,65
5,4.1,4,45,ADLI,0.726849,0.672634,0.627217,0.765967,80.0,0.565442,0.801217,69.8167,65
5,4.2,4,45,ADLI,0.840373,0.694589,0.755257,0.685976,80.0,0.239658,0.704707,74.4049,65
5,5.1,5,40,ADLI,0.491416,0.72219,0.727282,0.503032,80.0,0.230636,0.614872,61.098,45
5,5.2,5,45,ADLI,0.365848,0.670822,0.461043,0.719815,80.0,0.565819,0.720677,55.4382,45
5,6.1,6,40,ADLI,0.754697,0.423285,0.593561,0.409845,80.0,0.599349,0.969448,54.5347,45
5,6.2,6,45,ADLI,0.630451,0.741639,0.724189,0.744726,80.0,0.028169,0.29215,71.0251,65
5,7.1,7,120,LeTCI,0.821089,0.926418,0.739474,0.735121,80.0,0.11143,0.708031,80.5526,80
5,7.2,7,80,LeTCI,0.822905,0.747342,0.827976,0.761755,80.0,0.186587,0.830153,78.9995,75
5,7.3,7,80,LeTCI,0.602468,0.759928,0.768768,0.814482,80.0,0.665746,0.927204,73.6411,65
5,7.4,7,80,LeTCI,0.783468,0.881029,0.947692,0.610374,80.0,0.396911,0.121056,80.5641,65
5,7.5,7,90,LeTCI,0.677015,0.851974,0.868285,0.696758,80.0,0.203798,0.607825,77.3508,65
6,1.1,1,65,ADLI,0.734715,0.833935,0.870077,0.873665,80.0,0.295967,0.75797,82.8098,80
6,1.2,1,50,ADLI,0.291255,0.874406,0.771476,0.707908,80.0,0.116408,0.488282,66.1261,25
6,2.1,2,45,ADLI,0.459303,0.698974,0.494685,0.788389,80.0,0.967705,0.158319,61.0338,45
6,2.2,2,45,ADLI,0.419546,0.398211,0.8613,0.715205,80.0,0.447748,0.446218,59.8565,45
6,3.1,3,40,ADLI,0.567902,0.79272,0.850954,0.95695,80.0,0.584123,0.253381,79.2131,65
6,3.2,3,45,ADLI,0.728643,0.354519,0.604396,0.75563,80.0,0.198438,0.342362,61.0797,45
6,4.1,4,45,ADLI,0.588392,0.895938,0.918848,0.679585,80.0,0.81745,0.920811,77.0691,65
6,4.2,4,45,ADLI,0.573499,0.728464,0.480149,0.836366,80.0,0.364409,0.885611,65.462,45
6,5.1,5,40,ADLI,0.819942,0.637155,0.780796,0.514313,80.0,0.195304,0.782286,68.8052,65
6,5.2,5,45,ADLI,0.782736,0.408564,0.912254,0.742642,80.0,0.78564,0.537906,71.1549,45
6,6.1,6,40,ADLI,0.319222,0.891414,0.764938,0.671031,80.0,0.692989,0.67292,66.1651,45
6,6.2,6,45,ADLI,0.785954,0.725261,0.48736,0.784002,80.0,0.5931,0.19126,69.5644,45
6,7.1,7,120,LeTCI,0.744213,0.686187,0.815209,0.949703,80.0,0.787157,0.11247,79.8828,65
6,7.2,7,80,LeTCI,0.725591,0.593209,0.84475,0.874665,80.0,0.480982,0.249377,75.9554,65
6,7.3,7,80,LeTCI,0.525884,0.46188,0.707492,0.838261,80.0,0.892484,0.259949,63.3379,45
6,7.4,7,80,LeTCI,0.80588,0.722651,0.619793,0.823046,80.0,0.606243,0.855452,74.2843,65
6,7.5,7,90,LeTCI,0.759942,0.487077,0.810443,0.712545,80.0,0.48142,0.669256,69.2502,45
7,1.1,1,65,ADLI,0.530645,0.880441,0.629424,0.98829,80.0,0.638779,0.359743,75.72,65
7,1.2,1,50,ADLI,0.442783,0.741942,0.913377,0.783242,80.0,0.843676,0.915795,72.0336,45
7,2.1,2,45,ADLI,0.814255,0.381388,0.778885,0.713916,80.0,0.173375,0.506545,67.2111,45
7,2.2,2,45,ADLI,0.840152,0.946905,0.772498,0.954023,80.0,0.27334,0.018769,87.8394,85
7,3.1,3,40,ADLI,0.688307,0.788789,0.776891,0.714327,80.0,0.537809,0.226153,74.2078,65
7,3.2,3,45,ADLI,0.652654,0.734457,0.614004,0.872669,80.0,0.225808,0.059071,71.8446,65
7,4.1,4,45,ADLI,0.756875,0.808477,0.894674,0.635672,80.0,0.732365,0.1333,77.3925,65
7,4.2,4,45,ADLI,0.66986,0.885059,0.738316,0.351787,80.0,0.992135,0.460824,66.1256,45
7,5.1,5,40,ADLI,0.918854,0.60422,0.720397,0.839979,80.0,0.97099,0.730205,77.0863,65
7,5.2,5,45,ADLI,0.86757,0.745708,0.672564,0.782156,80.0,0.637271,0.955901,76.7,65
7,6.1,6,40,ADLI,0.881091,0.816319,0.812483,0.774424,80.0,0.73423,0.704152,82.1079,80
7,6.2,6,45,ADLI,0.766108,0.610592,0.269545,0.686157,80.0,0.75193,0.20681,58.31,25
7,7.1,7,120,LeTCI,0.457913,0.992039,0.696365,0.804971,80.0,0.668426,0.791276,73.7822,45
7,7.2,7,80,LeTCI,0.597486,0.854218,0.407827,0.779904,80.0,0.427079,0.48319,65.9859,45
7,7.3,7,80,LeTCI,0.763785,0.964077,0.726933,0.665385,80.0,0.847975,0.38162,78.0045,65
7,7.4,7,80,LeTCI,0.624298,0.808998,0.695494,0.671539,80.0,0.13305,0.423593,70.0082,65
7,7.5,7,90,LeTCI,0.534211,0.753415,0.794656,0.786416,80.0,0.938306,0.624581,71.7175,65
8,1.1,1,65,ADLI,0.777604,0.852549,0.744854,0.761966,80.0,0.735048,0.954196,78.4243,75
8,1.2,1,50,ADLI,0.712248,0.905688,0.6004,0.961159,80.0,0.765421,0.214735,79.4874,65
8,2.1,2,45,ADLI,0.815004,0.707023,0.742322,0.968268,80.0,0.761405,0.374169,80.8154,80
8,2.2,2,45,ADLI,0.767975,0.647394,0.428899,0.733429,80.0,0.698191,0.096187,64.4424,45
8,3.1,3,40,ADLI,0.736543,0.947992,0.743891,0.896271,80.0,0.917794,0.111836,83.1174,80
8,3.2,3,45,ADLI,0.521072,0.720795,0.816933,0.755188,80.0,0.109417,0.477961,70.3497,65
8,4.1,4,45,ADLI,0.798196,0.943041,0.548962,0.866926,80.0,0.545798,0.002002,78.9281,65
8,4.2,4,45,ADLI,0.715805,0.453076,0.329673,0.862604,80.0,0.271467,0.19476,59.0289,45
8,5.1,5,40,ADLI,0.82258,0.570737,0.639454,0.655778,80.0,0.78868,0.962047,67.2137,65
8,5.2,5,45,ADLI,0.646465,0.736335,0.888856,0.657945,80.0,0.277321,0.446939,73.24,65
8,6.1,6,40,ADLI,0.579661,0.754535,0.829484,0.672738,80.0,0.003631,0.920369,70.9104,65
8,6.2,6,45,ADLI,0.874571,0.716161,0.481371,0.921483,80.0,0.535392,0.637393,74.8397,45
8,7.1,7,120,LeTCI,0.22554,0.761543,0.780682,0.785638,80.0,0.257453,0.016021,63.8351,25
8,7.2,7,80,LeTCI,0.991744,0.956671,0.814358,0.928858,80.0,0.462639,0.79006,92.2908,85
8,7.3,7,80,LeTCI,0.889448,0.86799,0.579198,0.686177,80.0,0.596066,0.327116,75.5703,65
8,7.4,7,80,LeTCI,0.481849,0.613303,0.749912,0.652086,80.0,0.061646,0.561571,62.4287,45
8,7.5,7,90,LeTCI,0.336796,0.628318,0.559768,0.433113,80.0,0.172396,0.822085,48.9499,45
9,1.1,1,65,ADLI,0.538991,0.711446,0.64358,0.667599,80.0,0.09083,0.841413,64.0404,60
9,1.2,1,50,ADLI,0.630478,0.978473,0.344161,0.533971,80.0,0.95652,0.637632,62.1771,45
9,2.1,2,45,ADLI,0.907497,0.697552,0.698287,0.590985,80.0,0.245677,0.992007,72.358,65
9,2.2,2,45,ADLI,0.850859,0.443034,0.535014,0.83191,80.0,0.669677,0.370508,66.5204,45
9,3.1,3,40,ADLI,0.852814,0.924606,0.579581,0.54684,80.0,0.970248,0.836012,72.596,65
9,3.2,3,45,ADLI,0.558792,0.549958,0.910515,0.643268,80.0,0.824636,0.645365,66.5633,65
9,4.1,4,45,ADLI,0.930928,0.81702,0.744694,0.893168,80.0,0.145424,0.820163,84.6453,80
9,4.2,4,45,ADLI,0.229076,0.589441,0.514513,0.838934,80.0,0.270771,0.307506,54.2991,25
9,5.1,5,40,ADLI,0.751885,0.846056,0.415546,0.593072,80.0,0.778588,0.73053,65.164,45
9,5.2,5,45,ADLI,0.855915,0.655438,0.555332,0.793723,80.0,0.043436,0.274023,71.5102,65
9,6.1,6,40,ADLI,0.456049,0.816112,0.714906,0.655415,80.0,0.020905,0.605486,66.062,45
9,6.2,6,45,ADLI,0.795637,0.776575,0.748066,0.363928,80.0,0.352232,0.2444,67.1051,45
9,7.1,7,120,LeTCI,0.689901,0.915651,0.452031,0.896137,80.0,0.987224,0.429232,73.843,45
9,7.2,7,80,LeTCI,0.892266,0.836657,0.582468,0.527421,80.0,0.22979,0.774677,70.9703,65
9,7.3,7,80,LeTCI,0.76521,0.685117,0.659767,0.881901,80.0,0.86088,0.875341,74.7999,65
9,7.4,7,80,LeTCI,0.671245,0.816307,0.843475,0.57838,80.0,0.651333,0.051509,72.7352,65
9,7.5,7,90,LeTCI,0.705217,0.480919,0.779904,0.572005,80.0,0.399504,0.397177,63.4511,45
10,1.1,1,65,ADLI,0.595116,0.593828,0.550358,0.72425,80.0,0.665646,0.757261,61.5888,60
10,1.2,1,50,ADLI,0.527544,0.95846,0.698924,0.595664,80.0,0.402719,0.623797,69.5148,65
10,2.1,2,45,ADLI,0.580092,0.740749,0.569508,0.701286,80.0,0.381865,0.105947,64.7909,60
10,2.2,2,45,ADLI,0.724931,0.743481,0.759451,0.96791,80.0,0.646696,0.223134,79.8943,75
10,3.1,3,40,ADLI,0.616155,0.806783,0.836216,0.951022,80.0,0.741979,0.961055,80.2544,65
10,3.2,3,45,ADLI,0.777347,0.628304,0.515843,0.77532,80.0,0.83524,0.08007,67.4204,65
10,4.1,4,45,ADLI,0.720494,0.762619,0.816568,0.754655,80.0,0.18009,0.486742,76.3584,75
10,4.2,4,45,ADLI,0.571375,0.587132,0.657186,0.967607,80.0,0.474701,0.196967,69.5825,65
10,5.1,5,40,ADLI,0.762247,0.866802,0.496616,0.79263,80.0,0.291054,0.083452,72.9574,45
10,5.2,5,45,ADLI,0.920106,0.742206,0.528535,0.561743,80.0,0.620948,0.433132,68.8148,65
10,6.1,6,40,ADLI,0.446023,0.813502,0.379333,0.774616,80.0,0.841554,0.604818,60.3368,45
10,6.2,6,45,ADLI,0.900524,0.581751,0.847933,0.675216,80.0,0.904396,0.553229,75.1356,65
10,7.1,7,120,LeTCI,0.703727,0.931505,0.868239,0.566077,80.0,0.886227,0.717881,76.7387,65
10,7.2,7,80,LeTCI,0.979699,0.412022,0.633732,0.608671,80.0,0.043151,0.400246,65.8531,45
10,7.3,7,80,LeTCI,0.731429,0.487563,0.882782,0.740277,80.0,0.982882,0.736877,71.0513,45
10,7.4,7,80,LeTCI,0.869215,0.755889,0.884281,0.659914,80.0,0.772449,0.105064,79.2325,65
10,7.5,7,90,LeTCI,0.483491,0.617824,0.383025,0.872645,80.0,0.422879,0.455507,58.9246,45
11,1.1,1,65,ADLI,0.523006,0.810162,0.676121,0.624509,80.0,0.057651,0.296883,65.8449,65
11,1.2,1,50,ADLI,0.917689,0.794955,0.776834,0.577959,80.0,0.347214,0.529658,76.6859,65
11,2.1,2,45,ADLI,0.899828,0.762184,0.876013,0.404504,80.0,0.897376,0.500596,73.5632,45
11,2.2,2,45,ADLI,0.818701,0.787186,0.634406,0.948486,80.0,0.688564,0.248194,79.7195,65
11,3.1,3,40,ADLI,0.585859,0.66583,0.874171,0.863483,80.0,0.036823,0.379798,74.7336,65
11,3.2,3,45,ADLI,0.828791,0.677468,0.750559,0.727793,80.0,0.226383,0.582426,74.6153,65
11,4.1,4,45,ADLI,0.823308,0.803786,0.445945,0.738612,80.0,0.852104,0.810816,70.2913,45
11,4.2,4,45,ADLI,0.632422,0.747076,0.824233,0.929412,80.0,0.66959,0.587819,78.3286,65
11,5.1,5,40,ADLI,0.980808,0.984317,0.777826,0.612758,80.0,0.75864,0.64391,83.8927,65
11,5.2,5,45,ADLI,0.753311,0.728174,0.472252,0.857123,80.0,0.241602,0.633549,70.2715,45
11,6.1,6,40,ADLI,0.842804,0.784997,0.966976,0.609212,80.0,0.035649,0.020719,80.0997,65
11,6.2,6,45,ADLI,0.790144,0.388179,0.919555,0.749411,80.0,0.659694,0.077221,71.1822,45
11,7.1,7,120,LeTCI,0.738252,0.749242,0.749032,0.509911,80.0,0.273853,0.989207,68.6609,65
11,7.2,7,80,LeTCI,0.917681,0.545375,0.430952,0.648178,80.0,0.922462,0.069613,63.5546,45
11,7.3,7,80,LeTCI,0.72996,0.841115,0.652523,0.793284,80.0,0.427723,0.26328,75.422,65
11,7.4,7,80,LeTCI,0.57532,0.542527,0.664254,0.562783,80.0,0.356159,0.962195,58.6221,55
11,7.5,7,90,LeTCI,0.922897,0.638471,0.642985,0.892193,80.0,0.351364,0.973777,77.4137,65
12,1.1,1,65,ADLI,0.757757,0.551977,0.79271,0.553685,80.0,0.78813,0.988336,66.4032,65
12,1.2,1,50,ADLI,0.665184,0.271164,0.54615,0.851495,80.0,0.499729,0.132384,58.3498,25
12,2.1,2,45,ADLI,0.8946,0.773506,0.856167,0.742665,80.0,0.63167,0.595968,81.6734,80
12,2.2,2,45,ADLI,0.571053,0.857242,0.796248,0.935475,80.0,0.958103,0.172014,79.0005,65
12,3.1,3,40,ADLI,0.969297,0.457238,0.671538,0.45847,80.0,0.605881,0.6449,63.9136,45
12,3.2,3,45,ADLI,0.607166,0.863182,0.793423,0.960068,80.0,0.724636,0.877164,80.596,65
12,4.1,4,45,ADLI,0.898685,0.700838,0.818401,0.763659,80.0,0.777707,0.583453,79.5396,75
12,4.2,4,45,ADLI,0.647252,0.8402,0.73522,0.818419,80.0,0.775745,0.687064,76.0273,65
12,5.1,5,40,ADLI,0.877411,0.688774,0.617912,0.920988,80.0,0.652371,0.70272,77.6271,65
12,5.2,5,45,ADLI,0.817641,0.823513,0.79204,0.658093,80.0,0.147791,0.995866,77.2822,65
12,6.1,6,40,ADLI,0.507027,0.672064,0.765733,0.663853,80.0,0.913237,0.121273,65.2169,65
12,6.2,6,45,ADLI,0.710926,0.538724,0.980241,0.404702,80.0,0.055003,0.858261,65.8648,45
12,7.1,7,120,LeTCI,0.921338,0.649869,0.977638,0.85679,80.0,0.469977,0.058225,85.1409,65
12,7.2,7,80,LeTCI,0.832848,0.532103,0.573563,0.680813,80.0,0.454579,0.436408,65.4832,65
12,7.3,7,80,LeTCI,0.631995,0.759096,0.736288,0.865928,80.0,0.626672,0.55603,74.8327,65
12,7.4,7,80,LeTCI,0.627352,0.78174,0.715071,0.711837,80.0,0.626944,0.64965,70.9,65
12,7.5,7,90,LeTCI,0.630124,0.571296,0.674548,0.676024,80.0,0.152538,0.863153,63.7998,60
13,1.1,1,65,ADLI,0.509403,0.740591,0.641868,0.622432,80.0,0.629729,0.845441,62.8573,60
13,1.2,1,50,ADLI,0.507895,0.788753,0.557305,0.788196,80.0,0.62319,0.872964,66.0537,65
13,2.1,2,45,ADLI,0.560221,0.821154,0.723881,0.862252,80.0,0.227048,0.466212,74.1877,65
13,2.2,2,45,ADLI,0.82587,0.722026,0.426851,0.564153,80.0,0.555972,0.478277,63.4725,45
13,3.1,3,40,ADLI,0.580169,0.644796,0.931119,0.828481,80.0,0.773978,0.643003,74.6141,65
13,3.2,3,45,ADLI,0.823161,0.524467,0.746172,0.674328,80.0,0.073566,0.791952,69.2032,65
13,4.1,4,45,ADLI,0.593114,0.605081,0.421604,0.829786,80.0,0.18255,0.629015,61.2396,45
13,4.2,4,45,ADLI,0.89485,0.896853,0.250731,0.774022,80.0,0.059738,0.236059,70.4114,25
13,5.1,5,40,ADLI,0.878416,0.442642,0.696442,0.836888,80.0,0.988883,0.698296,71.3597,45
13,5.2,5,45,ADLI,0.63288,0.771644,0.684406,0.705222,80.0,0.318354,0.562308,69.8538,65
13,6.1,6,40,ADLI,0.803605,0.646409,0.820195,0.534109,80.0,0.074056,0.985488,70.108,65
13,6.2,6,45,ADLI,0.686701,0.706471,0.577941,0.821277,80.0,0.139973,0.187691,69.8097,65
13,7.1,7,120,LeTCI,0.720232,0.623927,0.967257,0.669351,80.0,0.292799,0.300703,74.5192,65
13,7.2,7,80,LeTCI,0.806692,0.717315,0.743022,0.614328,80.0,0.843753,0.093206,72.0339,65
13,7.3,7,80,LeTCI,0.866422,0.75532,0.614847,0.484439,80.0,0.449717,0.643458,68.0257,45
13,7.4,7,80,LeTCI,0.948862,0.757206,0.592721,0.804299,80.0,0.543643,0.725765,77.5772,65
13,7.5,7,90,LeTCI,0.912711,0.707685,0.786788,0.914356,80.0,0.476038,0.462438,83.0385,80
14,1.1,1,65,ADLI,0.777803,0.677317,0.572959,0.73167,80.0,0.476438,0.89074,68.9937,65
14,1.2,1,50,ADLI,0.662044,0.775994,0.651741,0.704335,80.0,0.083382,0.9445,69.8528,65
14,2.1,2,45,ADLI,0.385808,0.798539,0.647036,0.57967,80.0,0.648274,0.212595,60.2763,45
14,2.2,2,45,ADLI,0.736682,0.679906,0.856202,0.321006,80.0,0.967859,0.070546,64.8449,45
14,3.1,3,40,ADLI,0.747112,0.587396,0.890112,0.626457,80.0,0.876528,0.334235,71.2769,65
14,3.2,3,45,ADLI,0.6779,0.751822,0.899269,0.546449,80.0,0.908721,0.267403,71.886,65
14,4.1,4,45,ADLI,0.389369,0.786507,0.739141,0.810711,80.0,0.628415,0.240501,68.1432,45
14,4.2,4,45,ADLI,0.838498,0.814996,0.677416,0.697174,80.0,0.905946,0.880468,75.7021,65
14,5.1,5,40,ADLI,0.706804,0.650826,0.335272,0.534424,80.0,0.761761,0.9855,55.6831,45
14,5.2,5,45,ADLI,0.646576,0.756412,0.40441,0.79539,80.0,0.24077,0.150371,65.0697,45
14,6.1,6,40,ADLI,0.976321,0.673938,0.975865,0.340248,80.0,0.241421,0.376581,74.1593,45
14,6.2,6,45,ADLI,0.491123,0.795998,0.67225,0.962656,80.0,0.534978,0.530541,73.0507,45
14,7.1,7,120,LeTCI,0.809267,0.588411,0.378124,0.643536,80.0,0.935015,0.926382,60.4834,45
14,7.2,7,80,LeTCI,0.862565,0.862751,0.926656,0.486717,80.0,0.823801,0.477385,78.4672,45
14,7.3,7,80,LeTCI,0.491141,0.817463,0.64171,0.953476,80.0,0.390956,0.690118,72.5948,45
14,7.4,7,80,LeTCI,0.828687,0.685657,0.86568,0.602253,80.0,0.739049,0.318605,74.5569,65
14,7.5,7,90,LeTCI,0.893402,0.471654,0.880319,0.576427,80.0,0.617179,0.546,70.5451,45
15,1.1,1,65,ADLI,0.700974,0.697024,0.742163,0.43794,80.0,0.684099,0.138207,64.4525,45
15,1.2,1,50,ADLI,0.727027,0.730589,0.928005,0.558345,80.0,0.827939,0.082979,73.5992,65
15,2.1,2,45,ADLI,0.747261,0.893984,0.372468,0.92692,80.0,0.046772,0.700353,73.5158,45
15,2.2,2,45,ADLI,0.750235,0.505709,0.91494,0.738374,80.0,0.316996,0.453867,72.7314,65
15,3.1,3,40,ADLI,0.579202,0.443416,0.716672,0.542047,80.0,0.083018,0.502951,57.0334,45
15,3.2,3,45,ADLI,0.789761,0.655506,0.530481,0.462699,80.0,0.233483,0.757829,60.9612,45
15,4.1,4,45,ADLI,0.861715,0.721163,0.968576,0.847125,80.0,0.88027,0.891587,84.9645,80
15,4.2,4,45,ADLI,0.69999,0.609216,0.268214,0.68088,80.0,0.736931,0.509554,56.4575,25
15,5.1,5,40,ADLI,0.489789,0.84862,0.481614,0.582962,80.0,0.511691,0.119149,60.0746,45
15,5.2,5,45,ADLI,0.64061,0.448412,0.800198,0.597614,80.0,0.913613,0.190049,62.1708,45
15,6.1,6,40,ADLI,0.910152,0.952851,0.514074,0.895109,80.0,0.023855,0.711235,81.8047,65
15,6.2,6,45,ADLI,0.834469,0.797763,0.678142,0.550836,80.0,0.578498,0.319839,71.5302,65
15,7.1,7,120,LeTCI,0.684906,0.637218,0.499877,0.524112,80.0,0.776795,0.655029,58.6528,45
15,7.2,7,80,LeTCI,0.939452,0.747125,0.752309,0.876314,80.0,0.906697,0.23112,82.88,80
15,7.3,7,80,LeTCI,0.802511,0.392094,0.532875,0.906361,80.0,0.025403,0.091489,65.846,45
15,7.4,7,80,LeTCI,0.427999,0.629192,0.79825,0.897887,80.0,0.308126,0.451487,68.8332,45
15,7.5,7,90,LeTCI,0.676434,0.515135,0.810665,0.530297,80.0,0.358016,0.455389,63.3133,60
16,1.1,1,65,ADLI,0.447454,0.782745,0.877473,0.924786,80.0,0.19692,0.242059,75.8114,45
16,1.2,1,50,ADLI,0.555107,0.733232,0.628841,0.831185,80.0,0.687435,0.221144,68.7091,65
16,2.1,2,45,ADLI,0.882435,0.48027,0.217092,0.822732,80.0,0.660294,0.188702,60.0632,25
16,2.2,2,45,ADLI,0.903527,0.653325,0.973237,0.866366,80.0,0.461798,0.548939,84.9114,65
16,3.1,3,40,ADLI,0.67498,0.786989,0.23742,0.468163,80.0,0.865239,0.762196,54.1888,25
16,3.2,3,45,ADLI,0.860698,0.581158,0.766174,0.333929,80.0,0.255834,0.911404,63.549,45
16,4.1,4,45,ADLI,0.551104,0.560591,0.501704,0.531759,80.0,0.07593,0.783247,53.6289,50
16,4.2,4,45,ADLI,0.847535,0.748882,0.386576,0.878469,80.0,0.413682,0.401488,71.5365,45
16,5.1,5,40,ADLI,0.780301,0.734632,0.638603,0.618076,80.0,0.736783,0.752038,69.2903,65
16,5.2,5,45,ADLI,0.659781,0.51766,0.830139,0.83512,80.0,0.751034,0.003932,71.0675,65
16,6.1,6,40,ADLI,0.842302,0.910056,0.902752,0.233589,80.0,0.717565,0.238781,72.2175,25
16,6.2,6,45,ADLI,0.76622,0.880653,0.907779,0.695602,80.0,0.025585,0.578074,81.2563,65
16,7.1,7,120,LeTCI,0.59512,0.929215,0.532782,0.661475,80.0,0.310265,0.991119,67.9648,65
16,7.2,7,80,LeTCI,0.675663,0.453654,0.540792,0.615843,80.0,0.646387,0.147651,57.1488,45
16,7.3,7,80,LeTCI,0.722034,0.863696,0.453593,0.809016,80.0,0.629324,0.867358,71.2085,45
16,7.4,7,80,LeTCI,0.579026,0.707185,0.868481,0.942961,80.0,0.176299,0.091133,77.4413,65
16,7.5,7,90,LeTCI,0.666263,0.798034,0.901491,0.693363,80.0,0.370198,0.756517,76.4788,65
17,1.1,1,65,ADLI,0.492908,0.84523,0.887375,0.576007,80.0,0.967684,0.253489,70.038,45
17,1.2,1,50,ADLI,0.416436,0.870662,0.886253,0.696479,80.0,0.332794,0.135632,71.7458,45
17,2.1,2,45,ADLI,0.756227,0.530644,0.954108,0.561827,80.0,0.113457,0.655685,70.0702,65
17,2.2,2,45,ADLI,0.70396,0.820093,0.520618,0.757308,80.0,0.453079,0.899962,70.0495,65
17,3.1,3,40,ADLI,0.788635,0.922403,0.686463,0.724963,80.0,0.396097,0.80023,78.0616,65
17,3.2,3,45,ADLI,0.711074,0.866911,0.672151,0.792388,80.0,0.198321,0.000998,76.0631,65
17,4.1,4,45,ADLI,0.699413,0.92477,0.775031,0.593789,80.0,0.821677,0.047116,74.8251,65
17,4.2,4,45,ADLI,0.904686,0.680037,0.870753,0.688425,80.0,0.747063,0.682692,78.5975,65
17,5.1,5,40,ADLI,0.717295,0.33306,0.91246,0.733033,80.0,0.07009,0.837017,67.3962,45
17,5.2,5,45,ADLI,0.859638,0.554245,0.537387,0.805453,80.0,0.61575,0.450582,68.9181,65
17,6.1,6,40,ADLI,0.860968,0.929907,0.859152,0.815348,80.0,0.64193,0.623908,86.6344,85
17,6.2,6,45,ADLI,0.739667,0.95392,0.785511,0.867682,80.0,0.983156,0.2681,83.6695,80
17,7.1,7,120,LeTCI,0.384944,0.723599,0.767107,0.686008,80.0,0.738019,0.851151,64.0415,45
17,7.2,7,80,LeTCI,0.751607,0.943754,0.670695,0.815344,80.0,0.035831,0.343475,79.535,65
17,7.3,7,80,LeTCI,0.828842,0.789938,0.969821,0.843984,80.0,0.43841,0.437561,85.8146,85
17,7.4,7,80,LeTCI,0.730083,0.67136,0.657618,0.545729,80.0,0.263923,0.310303,65.1198,65
17,7.5,7,90,LeTCI,0.814351,0.539593,0.274904,0.78808,80.0,0.610394,0.545656,60.4232,25
18,1.1,1,65,ADLI,0.43777,0.583857,0.856963,0.79604,80.0,0.612407,0.862423,66.8658,45
18,1.2,1,50,ADLI,0.241301,0.617844,0.8386,0.931168,80.0,0.444019,0.087373,65.7228,25
18,2.1,2,45,ADLI,0.558484,0.768487,0.543632,0.920693,80.0,0.425914,0.300582,69.7824,65
18,2.2,2,45,ADLI,0.980555,0.381931,0.574415,0.822685,80.0,0.416336,0.463273,68.9897,45
18,3.1,3,40,ADLI,0.614154,0.676983,0.851762,0.942032,80.0,0.131264,0.534338,77.1233,65
18,3.2,3,45,ADLI,0.766574,0.53827,0.859738,0.850263,80.0,0.716985,0.430987,75.3711,65
18,4.1,4,45,ADLI,0.589856,0.683151,0.649706,0.661556,80.0,0.320068,0.995856,64.6067,60
18,4.2,4,45,ADLI,0.82877,0.874991,0.572242,0.919627,80.0,0.301699,0.014491,79.8908,65
18,5.1,5,40,ADLI,0.829974,0.561172,0.808799,0.789101,80.0,0.270083,0.232892,74.7261,65
18,5.2,5,45,ADLI,0.74179,0.593236,0.888535,0.888063,80.0,0.230829,0.728002,77.7906,65
18,6.1,6,40,ADLI,0.269052,0.628399,0.681401,0.831102,80.0,0.602191,0.050395,60.2489,25
18,6.2,6,45,ADLI,0.706404,0.680526,0.811889,0.610423,80.0,0.061039,0.276831,70.231,65
18,7.1,7,120,LeTCI,0.576748,0.616075,0.612765,0.932797,80.0,0.891013,0.185731,68.4596,65
18,7.2,7,80,LeTCI,0.968898,0.90716,0.736723,0.765623,80.0,0.871497,0.678874,84.4601,80
18,7.3,7,80,LeTCI,0.895008,0.962516,0.523345,0.437077,80.0,0.382774,0.200039,70.4486,45
18,7.4,7,80,LeTCI,0.920322,0.976432,0.902524,0.266567,80.0,0.718633,0.601082,76.6461,25
18,7.5,7,90,LeTCI,0.370598,0.770378,0.932902,0.574207,80.0,0.738311,0.151777,66.2021,45
19,1.1,1,65,ADLI,0.656368,0.75615,0.857146,0.941477,80.0,0.308583,0.006817,80.2785,65
19,1.2,1,50,ADLI,0.72239,0.520947,0.784089,0.505328,80.0,0.460978,0.667696,63.3189,60
19,2.1,2,45,ADLI,0.781612,0.907362,0.853564,0.40512,80.0,0.650098,0.681817,73.6915,45
19,2.2,2,45,ADLI,0.665631,0.818232,0.871774,0.78205,80.0,0.799706,0.648448,78.4422,65
19,3.1,3,40,ADLI,0.907148,0.806249,0.790807,0.822645,80.0,0.720412,0.204748,83.1712,80
19,3.2,3,45,ADLI,0.439187,0.705521,0.767701,0.7758,80.0,0.815781,0.244675,67.2052,45
19,4.1,4,45,ADLI,0.599021,0.714324,0.843247,0.398062,80.0,0.730776,0.996715,63.8664,45
19,4.2,4,45,ADLI,0.93911,0.941315,0.889213,0.50728,80.0,0.987235,0.040484,81.923,65
19,5.1,5,40,ADLI,0.555573,0.334314,0.749218,0.949462,80.0,0.484275,0.436061,64.7142,45
19,5.2,5,45,ADLI,0.933217,0.449109,0.601505,0.741267,80.0,0.259702,0.445702,68.1275,45
19,6.1,6,40,ADLI,0.764735,0.95381,0.826849,0.489389,80.0,0.351606,0.854852,75.8696,45
19,6.2,6,45,ADLI,0.629817,0.756845,0.949306,0.716351,80.0,0.65602,0.706254,76.308,65
19,7.1,7,120,LeTCI,0.919822,0.946008,0.734038,0.899034,80.0,0.687932,0.380962,87.4726,85
19,7.2,7,80,LeTCI,0.810159,0.78436,0.721575,0.893065,80.0,0.375527,0.149748,80.229,80
19,7.3,7,80,LeTCI,0.741197,0.766461,0.769694,0.797163,80.0,0.687446,0.675548,76.8629,75
19,7.4,7,80,LeTCI,0.732829,0.88212,0.918474,0.833032,80.0,0.0431,0.826636,84.1614,80
19,7.5,7,90,LeTCI,0.476649,0.904356,0.802027,0.872627,80.0,0.39488,0.659806,76.3915,45
20,1.1,1,65,ADLI,0.696432,0.58494,0.706022,0.835936,80.0,0.485277,0.929271,70.5832,65
20,1.2,1,50,ADLI,0.680072,0.583125,0.914915,0.604507,80.0,0.044946,0.783131,69.5655,65
20,2.1,2,45,ADLI,0.426423,0.640586,0.738041,0.611005,80.0,0.717509,0.719217,60.4014,45
20,2.2,2,45,ADLI,0.794741,0.953061,0.828454,0.555686,80.0,0.758884,0.905153,78.2985,65
20,3.1,3,40,ADLI,0.947993,0.815691,0.677686,0.763858,80.0,0.71111,0.94459,80.1307,65
20,3.2,3,45,ADLI,0.661422,0.654109,0.896372,0.623765,80.0,0.331499,0.697804,70.8917,65
20,4.1,4,45,ADLI,0.794625,0.603298,0.365056,0.793823,80.0,0.803723,0.559037,63.9201,45
20,4.2,4,45,ADLI,0.602529,0.834985,0.844094,0.706213,80.0,0.289623,0.300215,74.6955,65
20,5.1,5,40,ADLI,0.951389,0.736244,0.744265,0.676308,80.0,0.182845,0.800844,77.7052,65
20,5.2,5,45,ADLI,0.894314,0.700881,0.704411,0.375016,80.0,0.372009,0.899515,66.8656,45
20,6.1,6,40,ADLI,0.6918,0.910025,0.92922,0.900136,80.0,0.148501,0.788977,85.7795,65
20,6.2,6,45,ADLI,0.516307,0.830056,0.776978,0.841179,80.0,0.604843,0.959788,74.113,65
20,7.1,7,120,LeTCI,0.857204,0.667531,0.796778,0.461984,80.0,0.357856,0.188697,69.5874,45
20,7.2,7,80,LeTCI,0.890579,0.510419,0.478544,0.477977,80.0,0.272798,0.598564,58.938,45
20,7.3,7,80,LeTCI,0.902933,0.824799,0.843535,0.48109,80.0,0.461575,0.492669,76.3089,45
20,7.4,7,80,LeTCI,0.473747,0.796463,0.982655,0.54212,80.0,0.054959,0.90025,69.8746,45
20,7.5,7,90,LeTCI,0.953869,0.795273,0.709326,0.78337,80.0,0.141352,0.528094,81.046,80
21,1.1,1,65,ADLI,0.93461,0.846543,0.932757,0.755872,80.0,0.47337,0.359589,86.7445,85
21,1.2,1,50,ADLI,0.703067,0.292265,0.531862,0.7165,80.0,0.587674,0.267562,56.0924,25
21,2.1,2,45,ADLI,0.516017,0.654056,0.353934,0.752789,80.0,0.06422,0.145452,56.9199,45
21,2.2,2,45,ADLI,0.650461,0.492098,0.679113,0.964824,80.0,0.919132,0.837498,69.6624,45
21,3.1,3,40,ADLI,0.964322,0.917659,0.715807,0.687924,80.0,0.963951,0.164585,82.1428,65
21,3.2,3,45,ADLI,0.977068,0.670675,0.66328,0.750105,80.0,0.541213,0.49799,76.5282,65
21,4.1,4,45,ADLI,0.754815,0.795355,0.740773,0.508325,80.0,0.174947,0.159637,69.9817,65
21,4.2,4,45,ADLI,0.873681,0.798974,0.754573,0.716627,80.0,0.43857,0.348397,78.5964,75
21,5.1,5,40,ADLI,0.794218,0.554931,0.588703,0.946682,80.0,0.085418,0.162155,72.1133,65
21,5.2,5,45,ADLI,0.854602,0.617478,0.761231,0.843605,80.0,0.570844,0.634137,76.9229,65
21,6.1,6,40,ADLI,0.845046,0.746985,0.532053,0.420246,80.0,0.166708,0.269324,63.6083,45
21,6.2,6,45,ADLI,0.914332,0.620882,0.71844,0.741354,80.0,0.203712,0.824088,74.8752,65
21,7.1,7,120,LeTCI,0.850834,0.824565,0.838635,0.77795,80.0,0.067837,0.166984,82.2996,80
21,7.2,7,80,LeTCI,0.73566,0.617482,0.530846,0.871416,80.0,0.895229,0.780457,68.8851,65
21,7.3,7,80,LeTCI,0.751406,0.74678,0.43348,0.921848,80.0,0.317965,0.961448,71.3378,45
21,7.4,7,80,LeTCI,0.895823,0.760536,0.526603,0.840808,80.0,0.469835,0.346484,75.5943,65
21,7.5,7,90,LeTCI,0.729922,0.584857,0.924293,0.777167,80.0,0.975001,0.520947,75.406,65
22,1.1,1,65,ADLI,0.753339,0.762144,0.911182,0.871896,80.0,0.442594,0.705171,82.464,80
22,1.2,1,50,ADLI,0.817069,0.76974,0.493101,0.654481,80.0,0.001865,0.285216,68.3598,45
22,2.1,2,45,ADLI,0.7431,0.847787,0.488188,0.571007,80.0,0.696785,0.92332,66.2521,45
22,2.2,2,45,ADLI,0.75278,0.843798,0.529192,0.597024,80.0,0.921472,0.42532,68.0698,65
22,3.1,3,40,ADLI,0.865111,0.605627,0.820445,0.443464,80.0,0.617919,0.827346,68.3662,45
22,3.2,3,45,ADLI,0.868143,0.9246,0.717762,0.391095,80.0,0.717766,0.321813,72.54,45
22,4.1,4,45,ADLI,0.842589,0.812796,0.856068,0.784768,80.0,0.544755,0.45292,82.4055,80
22,4.2,4,45,ADLI,0.622059,0.720464,0.758102,0.688273,80.0,0.468996,0.298773,69.7224,65
22,5.1,5,40,ADLI,0.76389,0.464274,0.79754,0.826272,80.0,0.63686,0.169932,71.2994,45
22,5.2,5,45,ADLI,0.624312,0.571555,0.892238,0.774876,80.0,0.158847,0.703721,71.5745,65
22,6.1,6,40,ADLI,0.899752,0.624972,0.494305,0.570328,80.0,0.37386,0.851931,64.7339,45
22,6.2,6,45,ADLI,0.651642,0.963832,0.867401,0.897009,80.0,0.961369,0.833761,84.4971,65
22,7.1,7,120,LeTCI,0.474586,0.813798,0.814257,0.717053,80.0,0.036845,0.987787,70.4924,45
22,7.2,7,80,LeTCI,0.759192,0.688061,0.663522,0.954747,80.0,0.970138,0.920596,76.638,65
22,7.3,7,80,LeTCI,0.695593,0.80252,0.599702,0.93432,80.0,0.503476,0.139043,75.8034,65
22,7.4,7,80,LeTCI,0.927255,0.584847,0.716718,0.764065,80.0,0.61002,0.846533,74.8221,65
22,7.5,7,90,LeTCI,0.910605,0.543748,0.671975,0.665381,80.0,0.356255,0.727164,69.7927,65
23,1.1,1,65,ADLI,0.824741,0.69474,0.286814,0.749535,80.0,0.076698,0.537041,63.8957,25
23,1.2,1,50,ADLI,0.743342,0.899599,0.683803,0.787618,80.0,0.466496,0.654749,77.859,65
23,2.1,2,45,ADLI,0.654135,0.646968,0.800576,0.428089,80.0,0.754246,0.802691,63.2442,45
23,2.2,2,45,ADLI,0.403137,0.457436,0.718361,0.787456,80.0,0.914706,0.331467,59.1597,45
23,3.1,3,40,ADLI,0.875293,0.858129,0.336504,0.769343,80.0,0.042832,0.785133,70.9817,45
23,3.2,3,45,ADLI,0.885009,0.752011,0.845045,0.92358,80.0,0.14721,0.577995,85.1411,85
23,4.1,4,45,ADLI,0.758957,0.761012,0.770939,0.659705,80.0,0.608041,0.162241,73.7653,65
23,4.2,4,45,ADLI,0.778411,0.553649,0.924761,0.651122,80.0,0.088895,0.323685,72.6986,65
23,5.1,5,40,ADLI,0.773389,0.711457,0.685185,0.661844,80.0,0.211558,0.926742,70.7969,65
23,5.2,5,45,ADLI,0.958471,0.30071,0.96278,0.455249,80.0,0.121192,0.791404,66.9303,45
23,6.1,6,40,ADLI,0.625756,0.442316,0.280627,0.621464,80.0,0.62002,0.936554,49.2541,25
23,6.2,6,45,ADLI,0.531006,0.564551,0.769348,0.66728,80.0,0.062735,0.089377,63.3046,60
23,7.1,7,120,LeTCI,0.554529,0.754923,0.429079,0.717109,80.0,0.92593,0.001481,61.391,45
23,7.2,7,80,LeTCI,0.27979,0.787326,0.813554,0.574973,80.0,0.413062,0.622281,61.3911,25
23,7.3,7,80,LeTCI,0.714172,0.645267,0.768387,0.674091,80.0,0.941307,0.860851,70.0479,65
23,7.4,7,80,LeTCI,0.497535,0.459485,0.868179,0.716327,80.0,0.026713,0.107667,63.5381,45
23,7.5,7,90,LeTCI,0.7963,0.677475,0.912701,0.850608,80.0,0.713249,0.972235,80.9271,65
24,1.1,1,65,ADLI,0.398895,0.72911,0.973563,0.729266,80.0,0.574204,0.427258,70.7708,45
24,1.2,1,50,ADLI,0.761079,0.657798,0.766253,0.316367,80.0,0.055997,0.560225,62.5374,45
24,2.1,2,45,ADLI,0.860415,0.896122,0.669126,0.549005,80.0,0.589523,0.76042,74.3667,65
24,2.2,2,45,ADLI,0.99207,0.942542,0.735455,0.904318,80.0,0.78436,0.669131,89.3596,85
24,3.1,3,40,ADLI,0.915592,0.916877,0.50125,0.814108,80.0,0.611234,0.542899,78.6957,65
24,3.2,3,45,ADLI,0.745458,0.79332,0.594535,0.533888,80.0,0.763913,0.286046,66.68,65
24,4.1,4,45,ADLI,0.884956,0.539904,0.712249,0.897735,80.0,0.374004,0.930412,75.8711,65
24,4.2,4,45,ADLI,0.696809,0.818175,0.709958,0.8233,80.0,0.308468,0.47564,76.2061,65
24,5.1,5,40,ADLI,0.888602,0.475504,0.46612,0.618786,80.0,0.670718,0.067942,61.2253,45
24,5.2,5,45,ADLI,0.768879,0.595956,0.575896,0.768445,80.0,0.643356,0.45712,67.7294,65
24,6.1,6,40,ADLI,0.832809,0.698774,0.653962,0.69966,80.0,0.741987,0.405525,72.1301,65
24,6.2,6,45,ADLI,0.750031,0.906786,0.408739,0.499707,80.0,0.729229,0.153606,64.1316,45
24,7.1,7,120,LeTCI,0.477253,0.787322,0.787434,0.877775,80.0,0.973892,0.646071,73.2446,45
24,7.2,7,80,LeTCI,0.462952,0.737065,0.890431,0.772458,80.0,0.579857,0.296929,71.5726,45
24,7.3,7,80,LeTCI,0.60168,0.405213,0.83274,0.684832,80.0,0.013107,0.624115,63.1116,45
24,7.4,7,80,LeTCI,0.66147,0.922407,0.740503,0.389926,80.0,0.01752,0.064947,67.8576,45
24,7.5,7,90,LeTCI,0.667605,0.903897,0.671543,0.576814,80.0,0.727718,0.826002,70.4965,65
25,1.1,1,65,ADLI,0.82171,0.742736,0.66344,0.682809,80.0,0.920209,0.514346,72.7674,65
25,1.2,1,50,ADLI,0.658269,0.70876,0.781014,0.900676,80.0,0.018565,0.892255,76.218,65
25,2.1,2,45,ADLI,0.836109,0.53978,0.857419,0.642308,80.0,0.941879,0.016011,71.8904,65
25,2.2,2,45,ADLI,0.659907,0.866947,0.833325,0.597418,80.0,0.998895,0.894628,73.9399,65
25,3.1,3,40,ADLI,0.902828,0.775848,0.711372,0.867948,80.0,0.226577,0.885246,81.4499,80
25,3.2,3,45,ADLI,0.893955,0.530065,0.904024,0.759267,80.0,0.640056,0.112656,77.1828,65
25,4.1,4,45,ADLI,0.844362,0.577223,0.857936,0.924486,80.0,0.501952,0.108849,80.1002,65
25,4.2,4,45,ADLI,0.954599,0.804416,0.881503,0.591276,80.0,0.44179,0.796294,80.7948,65
25,5.1,5,40,ADLI,0.394225,0.737332,0.472221,0.873705,80.0,0.513743,0.811219,61.9371,45
25,5.2,5,45,ADLI,0.809243,0.657091,0.632225,0.931382,80.0,0.836908,0.688308,75.7485,65
25,6.1,6,40,ADLI,0.387126,0.895073,0.952338,0.71756,80.0,0.613844,0.127047,73.8024,45
25,6.2,6,45,ADLI,0.652453,0.782079,0.941925,0.761738,80.0,0.654238,0.034338,78.4549,65
25,7.1,7,120,LeTCI,0.495722,0.571116,0.512731,0.936418,80.0,0.717065,0.943026,62.8997,45
25,7.2,7,80,LeTCI,0.918659,0.674918,0.92597,0.961284,80.0,0.770938,0.352077,87.0208,65
25,7.3,7,80,LeTCI,0.866976,0.657981,0.905911,0.441955,80.0,0.506612,0.600699,71.8206,45
25,7.4,7,80,LeTCI,0.697658,0.525089,0.924905,0.782223,80.0,0.308562,0.398306,73.2468,65
25,7.5,7,90,LeTCI,0.329347,0.487089,0.803618,0.764219,80.0,0.430161,0.883705,59.6068,45
